actor,movie_or_TV_name
Ed O'Neill,The Sterling Affairs
Ed O'Neill,Married... with Children
Ed O'Neill,Rondo and Bob
Ed O'Neill,The Last Shift
Ed O'Neill,Weird City
Ed O'Neill,Ralph Breaks the Internet
Ed O'Neill,Marine Life Interviews
Ed O'Neill,Sun Dogs
Ed O'Neill,Peyton Manning's Summer School
Ed O'Neill,Finding Dory
Ed O'Neill,Traficant: The Congressman of Crimetown
Ed O'Neill,Entourage
Ed O'Neill,The Good Son: The Life of Ray Boom Boom Mancini
Ed O'Neill,Milius
Ed O'Neill,Wreck-It Ralph
Ed O'Neill,FOX 25th Anniversary Special
Ed O'Neill,I Am Bruce Lee
Ed O'Neill,The Penguins of Madagascar: Operation Antarctica
Ed O'Neill,Lost Masterpieces of Pornography
Ed O'Neill,Kick Buttowski: Suburban Daredevil
Ed O'Neill,Modern Family
Ed O'Neill,Star-ving
Ed O'Neill,John from Cincinnati
Ed O'Neill,Twenty Good Years
Ed O'Neill,The Unit
Ed O'Neill,The Reichen Show
Ed O'Neill,Spartan
Ed O'Neill,Married... with Children Reunion
Ed O'Neill,L.A. Dragnet
Ed O'Neill,8 Simple Rules... for Dating My Teenage Daughter
Ed O'Neill,Nobody's Baby
Ed O'Neill,Lucky Numbers
Ed O'Neill,The 10th Kingdom
Ed O'Neill,The Bone Collector
Ed O'Neill,The West Wing
Ed O'Neill,Family Guy
Ed O'Neill,The Spanish Prisoner
Ed O'Neill,Prefontaine
Ed O'Neill,E! True Hollywood Story
Ed O'Neill,W.E.I.R.D. World
Ed O'Neill,Little Giants
Ed O'Neill,Blue Chips
Ed O'Neill,The Please Watch the Jon Lovitz Special
Ed O'Neill,Wayne's World
Ed O'Neill,Dutch
Ed O'Neill,Top of the Heap
Ed O'Neill,The Whereabouts of Jenny
Ed O'Neill,A Very Retail Christmas
Ed O'Neill,Sibling Rivalry
Ed O'Neill,The Adventures of Ford Fairlane
Ed O'Neill,The Earth Day Special
Ed O'Neill,In Living Color
Ed O'Neill,It's a Bundyful Life
Ed O'Neill,K-9
Ed O'Neill,Disorganized Crime
Ed O'Neill,Police Story: Gladiator School
Ed O'Neill,Midnight Caller
Ed O'Neill,Right to Die
Ed O'Neill,Married... with Children
Ed O'Neill,A Winner Never Quits
Ed O'Neill,Popeye Doyle
Ed O'Neill,Spenser: For Hire
Ed O'Neill,The Equalizer
Ed O'Neill,Hunter
Ed O'Neill,Miami Vice
Ed O'Neill,When Your Lover Leaves
Ed O'Neill,Farrell: For the People
Ed O'Neill,Late Night with David Letterman
Ed O'Neill,The Dogs of War
Ed O'Neill,Cruising
Ed O'Neill,Saturday Night Live
Ed O'Neill,Another World
Dana Powell,Blood
Dana Powell,Donation
Dana Powell,Help Me Understand
Dana Powell,Cars on the Road
Dana Powell,Remotely Working
Dana Powell,Saved by the Bell
Dana Powell,Film Fest
Dana Powell,Alex & the List
Dana Powell,Battlecreek
Dana Powell,Handsome: A Netflix Mystery Movie
Dana Powell,The Good Place
Marsha Kramer,Modern Family
Marsha Kramer,Malcolm in the Middle
Marsha Kramer,Frasier
Joe Mande,Hacks
Joe Mande,Joe Mande's Award-Winning Comedy Special
Joe Mande,The Disaster Artist
Joe Mande,The Good Place
Joe Mande,The Interview
Joe Mande,Late Night with Seth Meyers
Joe Mande,Brooklyn Nine-Nine
Joe Mande,Conan
Joe Mande,Surviving the Holidays with Lewis Black
Joe Mande,Modern Family
Joe Mande,Parks and Recreation
Joe Mande,Yeti: A Love Story
Joe Mande,A Parks and Recreation Special
Joe Mande,Joe Mande's Award-Winning Comedy Special
Joe Mande,Nick Offerman & Megan Mullally - Summer of 69: No Apostrophe
Dana Powell,Clipped
Dana Powell,Salem Rogers
Dana Powell,I Didn't Do It
Dana Powell,Mom
Dana Powell,This Is Ellen
Dana Powell,Veep
Dana Powell,Suburgatory
Dana Powell,2 Broke Girls
Dana Powell,Bridesmaids
Dana Powell,Bob's Burgers
Dana Powell,Good Luck Charlie
Dana Powell,Modern Family
Dana Powell,Kath & Kim
Dana Powell,The Office
Dana Powell,Arrested Development
Dana Powell,Reno 911!
Dana Powell,Curb Your Enthusiasm
Dana Powell,Donation
Nathan Lane,Spellbound
Nathan Lane,Fucking Identical Twins
Nathan Lane,Beau Is Afraid
Nathan Lane,The Gilded Age
Nathan Lane,Too Soon: Comedy After 9/11
Nathan Lane,Only Murders in the Building
Kevin Daniels,Not Another Church Movie
Kevin Daniels,The Big Leap
Kevin Daniels,Shelter in Place
Kevin Daniels,Untitled Horror Movie
Kevin Daniels,Poor Greg Drowning
Kevin Daniels,AJ and the Queen
Kevin Daniels,Why Women Kill
Kevin Daniels,California No
Kevin Daniels,The Rookie
Kevin Daniels,Coop & Cami Ask The World
Kevin Daniels,New Amsterdam
Kevin Daniels,Art Prison
Kevin Daniels,Champions
Kevin Daniels,The Orville
Joe Mande,The Good Place
Joe Mande,Master of None
Joe Mande,Parks and Recreation
Joe Mande,Forever
Joe Mande,Joe Mande's Award-Winning Comedy Special
Joe Mande,The Good Place
Fred Willard,Totally Obsessed
Nathan Lane,"Elegies for Angels, Punks and Raging Queens"
Nathan Lane,Penny Dreadful: City of Angels
Nathan Lane,Bully. Coward. Victim. The Story of Roy Cohn
Nathan Lane,Every Act of Life
Nathan Lane,The Vanishing of Sidney Hall
Nathan Lane,National Theatre Live: Angels In America — Part Two: Perestroika
Nathan Lane,National Theatre Live: Angels In America — Part One: Millennium Approaches
Nathan Lane,Carrie Pilby
Nathan Lane,"No Pay, Nudity"
Nathan Lane,American Crime Story
Nathan Lane,Mike Nichols: An American Master
Nathan Lane,The Late Show with Stephen Colbert
Nathan Lane,The Nance
Nathan Lane,Showing Up
Nathan Lane,Late Night with Seth Meyers
Nathan Lane,The Tonight Show Starring Jimmy Fallon
Nathan Lane,The Blacklist
Nathan Lane,Mel Brooks: Make a Noise
Nathan Lane,The English Teacher
Nathan Lane,Elaine Stritch: Shoot Me
Kevin Daniels,Atypical
Kevin Daniels,The Guest Book
Kevin Daniels,The Watcher
Kevin Daniels,No Touching
Kevin Daniels,One Christmas Eve
Kevin Daniels,Scorpion
Kevin Daniels,Sirens
Kevin Daniels,Mom
Kevin Daniels,The Exes
Kevin Daniels,Suits
Kevin Daniels,Hawaii Five-0
Kevin Daniels,Justified
Kevin Daniels,Page 36
Kevin Daniels,Modern Family
Kevin Daniels,Castle
Kevin Daniels,The Mentalist
Kevin Daniels,Chuck
Kevin Daniels,And Then Came Love
Kevin Daniels,Brothers and Sisters
Kevin Daniels,Out of Practice
Kevin Daniels,The Island
Kevin Daniels,House
Kevin Daniels,Ladder 49
Kevin Daniels,10-8: Officers on Duty
Kevin Daniels,Baby Bob
Kevin Daniels,Kate & Leopold
Kevin Daniels,Smallville
Fred Willard,Time Warp Vol. 3: Comedy and Camp
Fred Willard,Space Force
Fred Willard,Have a Good Trip: Adventures in Psychedelics
Fred Willard,Time Warp Vol. 1: Midnight Madness
Fred Willard,The Second City Presents: The Last Show Left on Earth
Fred Willard,Kaufmania!
Fred Willard,What Just Happened??! with Fred Savage
Fred Willard,I Think You Should Leave with Tim Robinson
Fred Willard,Lovesick Fool - Love in the Age of Like
Fred Willard,Every 40 Years
Fred Willard,Oh Damn
Fred Willard,Mascots
Fred Willard,Max Rose
Fred Willard,Here Comes Rusty
Fred Willard,Join or Die with Craig Ferguson
Fred Willard,Fifty Shades of Black
Fred Willard,Show Boat
Fred Willard,Clint Howard Reboots Pippi Longstocking with Milla Jovovich and Fred Willard
Fred Willard,Celebrity Family Feud
Fred Willard,Russell Madness
Fred Willard,All-Stars
Christian Barillas,The Kominsky Method
Christian Barillas,The Handmaid's Tale
Christian Barillas,Marvel's Agents of S.H.I.E.L.D.
Christian Barillas,The Bridge
Christian Barillas,Seven Psychopaths
Christian Barillas,Modern Family
Christian Barillas,NCIS: Los Angeles
Christian Barillas,Without a Trace
Nathan Lane,Mirror Mirror
Nathan Lane,Pride of The Lion King
Nathan Lane,The Nutcracker: The Untold Story
Nathan Lane,The Marriage Ref
Nathan Lane,Astro Boy
Nathan Lane,Modern Family
Nathan Lane,The Good Wife
Nathan Lane,Waking Sleeping Beauty
Nathan Lane,A Muppets Christmas: Letters to Santa
Nathan Lane,Swing Vote
Nathan Lane,Trumbo
Nathan Lane,ShowBusiness: The Road to Broadway
Nathan Lane,30 Rock
Nathan Lane,The Producers
Nathan Lane,Broadway's Lost Treasures II
Nathan Lane,Behind the Legend: Timon
Nathan Lane,The Lion King 1½
Nathan Lane,Win a Date with Tad Hamilton!
Nathan Lane,Teacher's Pet
Nathan Lane,The Ellen DeGeneres Show
Nathan Lane,Charlie Lawrence
Nathan Lane,Nicholas Nickleby
Nathan Lane,Austin Powers in Goldmember
Nathan Lane,Stuart Little 2
Nathan Lane,Recording the Producers: A Musical Romp with Mel Brooks
Kevin Daniels,Deadline
Kevin Daniels,Third Watch
Kevin Daniels,Charmed
Kevin Daniels,Twelfth Night
Kevin Daniels,Buffy the Vampire Slayer
Kevin Daniels,Daria
Kevin Daniels,Frasier
Kevin Daniels,Law & Order
Fred Willard,Planes: Fire & Rescue
Fred Willard,Wish Wizard
Fred Willard,The Yank
Fred Willard,Review
Fred Willard,Anchorman 2: The Legend Continues
Fred Willard,The Birthday Boys
Fred Willard,The Birder
Fred Willard,Dealin' with Idiots
Fred Willard,Drunk History
Fred Willard,Trust Us with Your Life
Fred Willard,The Magic of Belle Isle
Fred Willard,"I, Martin Short, Goes Home"
Fred Willard,Inside Comedy
Fred Willard,12 Wishes of Christmas
Fred Willard,New Girl
Fred Willard,Scooby-Doo! Legend of the Phantosaur
Fred Willard,Franklin & Bash
Fred Willard,Accidentally in Love
Fred Willard,Your Love Never Fails
Fred Willard,Fred & Vinnie
Fred Willard,Backwash
Fred Willard,Expecting Mary
Fred Willard,Raising Hope
Fred Willard,Hot in Cleveland
Fred Willard,Hermie & Friends: Antonio Meets His Match
Reid Ewing,South Dakota
Reid Ewing,Sundown
Reid Ewing,Temps
Reid Ewing,Mall
Reid Ewing,10 Rules for Sleeping Around
Reid Ewing,Crush
Reid Ewing,The Silent Thief
Reid Ewing,Fright Night
Reid Ewing,The Truth Below
Reid Ewing,Good Luck Charlie
Reid Ewing,Modern Family
Adam DeVine,Bad Ideas
Adam DeVine,The Out-Laws
Adam DeVine,Reindeer in Here
Adam DeVine,Pitch Perfect: Bumper in Berlin
Adam DeVine,Extinct
Adam DeVine,Magic Camp
Adam DeVine,Bad Ideas with Adam Devine
Adam DeVine,Have a Good Trip: Adventures in Psychedelics
Adam DeVine,Punk'd
Adam DeVine,Omniboat: A Fast Boat Fantasia
Adam DeVine,Green Eggs and Ham
Adam DeVine,Jexi
Nathan Lane,Laughter on the 23rd Floor
Nathan Lane,My Favorite Broadway: The Love Songs
Nathan Lane,Curb Your Enthusiasm
Nathan Lane,The Man Who Came to Dinner
Nathan Lane,Teacher's Pet
Nathan Lane,Trixie
Nathan Lane,Titan A.E.
Nathan Lane,Love's Labour's Lost
Nathan Lane,Isn't She Great
Nathan Lane,Stuart Little
Nathan Lane,George and Martha
Nathan Lane,At First Sight
Nathan Lane,Get Bruce!
Nathan Lane,The Lion King II: Simba's Pride
Nathan Lane,Encore! Encore!
Nathan Lane,MouseHunt
Nathan Lane,The View
Nathan Lane,A Benefit Celebration: A Tribute to Angela Lansbury
Nathan Lane,The Daily Show with Trevor Noah
Nathan Lane,The Rosie O'Donnell Show
Nathan Lane,The Birdcage
Nathan Lane,The Boys Next Door
Nathan Lane,The Wizard of Oz in Concert: Dreams Come True
Fred Willard,Holyman Undercover
Fred Willard,Celebrity Ghost Stories
Fred Willard,Modern Family
Fred Willard,School Gyrls
Fred Willard,Community
Fred Willard,In Gayle We Trust
Fred Willard,Youth in Revolt
Fred Willard,Scouts Honor
Fred Willard,Tosh.0
Fred Willard,Castle
Fred Willard,Easy to Assemble
Fred Willard,Harold
Fred Willard,WALL·E
Fred Willard,Wizards of Waverly Place
Fred Willard,Chuck
Fred Willard,Back to You
Fred Willard,Billy & Mandy: Wrath of the Spider Queen
Fred Willard,Fired!
Fred Willard,I Could Never Be Your Woman
Fred Willard,Head Case
Fred Willard,Fighting Words
Fred Willard,The Wedding Bells
Fred Willard,Billy & Mandy's Big Boogey Adventure
Fred Willard,"Tim and Eric Awesome Show, Great Job!"
Fred Willard,Epic Movie
Fred Willard,Re-Animated
Jeremy Maguire,Turner & Hooch
Jeremy Maguire,I'm Not Here
Jeremy Maguire,Modern Family
Adam DeVine,A Little Late with Lilly Singh
Adam DeVine,The Righteous Gemstones
Adam DeVine,Lights Out with David Spade
Adam DeVine,Human Discoveries
Adam DeVine,Adam Devine: Best Time of Our Lives
Adam DeVine,Isn't It Romantic
Adam DeVine,"Game Over, Man!"
Adam DeVine,The Joel McHale Show with Joel McHale
Adam DeVine,When We First Met
Adam DeVine,The Lego Batman Movie
Adam DeVine,Why Him?
Adam DeVine,The Goddamn Comedy Jam
Adam DeVine,Don vs. Raph
Adam DeVine,Mike and Dave Need Wedding Dates
Adam DeVine,Ice Age: Collision Course
Adam DeVine,The Final Girls
Adam DeVine,The Intern
Adam DeVine,Uncle Grandpa's Incredible Journey
Adam DeVine,Pitch Perfect 2
Adam DeVine,The Late Late Show with James Corden
Adam DeVine,Hot Ones
Adam DeVine,Penn Zero: Part-Time Hero
Aubrey Anderson-Emmons,Bill Nye Saves the World
Aubrey Anderson-Emmons,Disney Parks Christmas Day Parade
Aubrey Anderson-Emmons,Modern Family
Nolan Gould,Miranda's Victim
Nolan Gould,Camp
Nolan Gould,The Celebrity Dating Game
Nolan Gould,Yes
Nolan Gould,Battle of the Network Stars
Nolan Gould,2017 People's Climate March in Washington D.C.
Nolan Gould,Field of Lost Shoes
Nolan Gould,The To Do List
Nolan Gould,Whose Line Is It Anyway?
Nolan Gould,Radio Disney Music Awards
Nolan Gould,Disney Parks Christmas Day Parade
Nolan Gould,Abominable Christmas
Nolan Gould,Ghoul
Nolan Gould,Friends with Benefits
Nathan Lane,Toy Story
Nathan Lane,Timon & Pumbaa
Nathan Lane,Jeffrey
Nathan Lane,Circle of Life: An Environmental Fable
Nathan Lane,The Lion King
Nathan Lane,Inside the Actors Studio
Nathan Lane,Addams Family Values
Nathan Lane,Frasier
Nathan Lane,Late Night with Conan O'Brien
Nathan Lane,Life with Mikey
Nathan Lane,Guys And Dolls: Off The Record
Nathan Lane,The Last Mile
Nathan Lane,Unnatural Pursuits
Nathan Lane,Frankie and Johnny
Nathan Lane,"He Said, She Said"
Fred Willard,For Your Consideration
Fred Willard,Holidaze: The Christmas That Almost Didn't Happen
Fred Willard,Comedy Central Roast of William Shatner
Fred Willard,Monster House
Fred Willard,Church Ball
Fred Willard,Date Movie
Fred Willard,Ira & Abby
Fred Willard,The Boondocks
Fred Willard,Chicken Little
Fred Willard,Love Wrecked
Fred Willard,The Closer
Fred Willard,The Aristocrats
Fred Willard,"Wake Up, Ron Burgundy: The Lost Movie"
Fred Willard,Tom Goes to the Mayor
Fred Willard,The Nutcracker and the Mouseking
Fred Willard,The Batman
Fred Willard,50 Ways to Leave Your Lover
Fred Willard,Nobody Knows Anything!
Adam DeVine,Comedy Central's All-Star Non-Denominational Christmas Special
Adam DeVine,Neighbors
Adam DeVine,Break Point
Adam DeVine,Off Camera with Sam Jones
Adam DeVine,Adam Devine's House Party
Adam DeVine,Uncle Grandpa
Adam DeVine,Roast of James Franco: Red Carpet Pre-Show
Adam DeVine,Drunk History
Adam DeVine,Pitch Perfect
Adam DeVine,TRON: Uprising
Adam DeVine,National Lampoon's The Legend of Awesomest Maximus
Adam DeVine,Workaholics
Adam DeVine,Modern Family
Adam DeVine,Community
Adam DeVine,Ratko: The Dictator's Son
Adam DeVine,Mama's Boy
Adam DeVine,American Dad!
Adam DeVine,Arrested Development
Adam DeVine,The Out-Laws
Adam DeVine,Pitch Perfect: Bumper in Berlin
Nolan Gould,Hysteria
Nolan Gould,Monster Heroes
Nolan Gould,Good Luck Charlie
Nolan Gould,Modern Family
Nolan Gould,Space Buddies
Nolan Gould,Montana
Nolan Gould,Sunny and Share Love You
Nolan Gould,Grey's Anatomy
Ariel Winter,Pools
Ariel Winter,Don’t Log Off
Ariel Winter,The Quarry
Ariel Winter,I Am Burt Reynolds
Rico Rodriguez,WWE Slammy Awards 2020
Rico Rodriguez,The Substitute
Rico Rodriguez,Double Dare
Rico Rodriguez,Nickelodeon's Ultimate Halloween Haunted House
Rico Rodriguez,Americano
Rico Rodriguez,Nickelodeon's Ho Ho Holiday Special
Rico Rodriguez,Endgame
Rico Rodriguez,Celebrity Family Feud
Rico Rodriguez,The Heyday of the Insensitive Bastards
Rico Rodriguez,Guests
Rico Rodriguez,Austin & Ally
Rico Rodriguez,The Muppets
Rico Rodriguez,True Guardians of the Earth
Nathan Lane,Joe Versus the Volcano
Nathan Lane,The Lemon Sisters
Nathan Lane,Ironweed
Nathan Lane,The Days and Nights of Molly Dodd
Nathan Lane,Alice in Wonderland
Nathan Lane,One of the Boys
Nathan Lane,Live from Lincoln Center
Nathan Lane,Saturday Night Live
Nathan Lane,Great Performances
Fred Willard,Living in TV Land
Fred Willard,Anchorman: The Legend of Ron Burgundy
Fred Willard,Harold & Kumar Go to White Castle
Fred Willard,Frasier: Analyzing the Laughter
Fred Willard,Best Week Ever
Fred Willard,Killer Diller
Fred Willard,Christmas Vacation 2: Cousin Eddie's Island Adventure
Fred Willard,A Minute with Stan Hooper
Fred Willard,Cold Pizza
Fred Willard,The Ellen DeGeneres Show
Fred Willard,American Wedding
Fred Willard,A Mighty Wind
Fred Willard,Jimmy Kimmel Live!
Fred Willard,3-South
Fred Willard,Pet Star
Fred Willard,Kim Possible
Fred Willard,Teddy Bears' Picnic
Fred Willard,The Year That Trembled
Fred Willard,Watching Ellie
Fred Willard,Teamo Supremo
Fred Willard,How High
Fred Willard,Maybe It's Me
Fred Willard,The Legend of Tarzan
Fred Willard,The Grim Adventures of Billy and Mandy
Fred Willard,The Downer Channel
Fred Willard,Dinner for Five
Fred Willard,When Billie Beat Bobby
Fred Willard,The Fighting Fitzgeralds
Fred Willard,The Wedding Planner
Fred Willard,Elvis Is Alive! I Swear I Saw Him Eating Ding Dongs Outside the Piggly Wiggly's
Adam DeVine,The Package
Adam DeVine,"Game Over, Man!"
Adam DeVine,When We First Met
Adam DeVine,"Game Over, Man!"
Adam DeVine,Workaholics
Adam DeVine,Adam Devine's House Party
Adam DeVine,Workaholics
Sarah Hyland,Pitch Perfect: Bumper in Berlin
Sarah Hyland,Play-Doh Squished
Sarah Hyland,Code Red: Youth of the Nation
Sarah Hyland,My Fake Boyfriend
Sarah Hyland,The Paley Center Salutes Law & Order: SVU
Sarah Hyland,Star Wars: Galaxy's Edge - Adventure Awaits
Sarah Hyland,The Wedding Year
Sarah Hyland,Love Island
Sarah Hyland,Disney Parks Magical Christmas Day Parade
Sarah Hyland,The Wonderful World of Disney: Magical Holiday Celebration
Sarah Hyland,Mickey’s 90th Spectacular
Sarah Hyland,The Lion Guard: The Rise of Scar
Ariel Winter,The Last Movie Star
Ariel Winter,Truth & Iliza
Ariel Winter,Smurfs: The Lost Village
Ariel Winter,Elena and the Secret of Avalor
Ariel Winter,Milo Murphy's Law
Ariel Winter,Safelight
Ariel Winter,Sofia the First: The Curse of Princess Ivy
Ariel Winter,Sofia The First: Holiday In Enchancia
Ariel Winter,Sofia the First: The Enchanted Feast
Ariel Winter,Phineas and Ferb: Star Wars
Ariel Winter,Mr. Peabody & Sherman
Ariel Winter,Sofia the First: The Floating Palace
Ariel Winter,Batman: The Dark Knight Returns
Ariel Winter,Scooby-Doo! Stage Fright
Ariel Winter,Montana Amazon
Ariel Winter,Sofia the First
Ariel Winter,"Batman: The Dark Knight Returns, Part 2"
Ariel Winter,Sofia the First: Once Upon a Princess
Ariel Winter,Abominable Christmas
Ariel Winter,Dear Dracula
Ariel Winter,Excision
Ariel Winter,"Batman: The Dark Knight Returns, Part 1"
Ariel Winter,ParaNorman
Ariel Winter,Ice Age: Continental Drift
Rico Rodriguez,Good Luck Charlie
Rico Rodriguez,Babysitters Beware
Rico Rodriguez,Modern Family
Rico Rodriguez,iCarly
Rico Rodriguez,Epic Movie
Rico Rodriguez,Cory in the House
Rico Rodriguez,Dr. Seuss and the Grinch: From Whoville to Hollywood
Rico Rodriguez,NCIS
Rico Rodriguez,ER
Nathan Lane,Tony Awards
Fred Willard,Bette
Fred Willard,Best in Show
Fred Willard,Girlfriends
Fred Willard,The Pooch and the Pauper
Fred Willard,Dropping Out
Fred Willard,Chump Change
Fred Willard,Austin Powers: The Spy Who Shagged Me
Fred Willard,Idle Hands
Fred Willard,Family Guy
Fred Willard,Can't Stop Dancing
Fred Willard,The Hughleys
Fred Willard,Permanent Midnight
Fred Willard,Hercules
Fred Willard,That '70s Show
Fred Willard,Two Guys and a Girl
Fred Willard,The Weird Al Show
Fred Willard,Ally McBeal
Fred Willard,City Guys
Fred Willard,steve.oedekerk.com
Fred Willard,Stargate SG-1
Fred Willard,Just Shoot Me!
Sarah Hyland,Dirty Dancing
Sarah Hyland,Dimension 404
Sarah Hyland,XOXO
Sarah Hyland,Satanic
Sarah Hyland,LEGO DC Comics Super Heroes: Justice League - Gotham City Breakout
Sarah Hyland,The Lion Guard
Sarah Hyland,Shadowhunters
Sarah Hyland,The Lion Guard: Return of the Roar
Sarah Hyland,See You In Valhalla
Sarah Hyland,Lip Sync Battle
Sarah Hyland,Disney Parks Frozen Christmas Celebration
Sarah Hyland,Robot Chicken DC Comics Special II: Villains in Paradise
Sarah Hyland,Date and Switch
Sarah Hyland,Vampire Academy
Sarah Hyland,Turbo FAST
Sarah Hyland,Bonnie & Clyde
Sarah Hyland,April Apocalypse
Sarah Hyland,Bonnie & Clyde
Sarah Hyland,Call Me Crazy: A Five Film
Sarah Hyland,Scary Movie 5
Sarah Hyland,Disney Parks Christmas Day Parade
Sarah Hyland,Randy Cunningham: 9th Grade Ninja
Sarah Hyland,Struck by Lightning
Sarah Hyland,Geek Charming
Sarah Hyland,"Cougars, Inc."
Sarah Hyland,Conception
Mo Mandel,Mo Mandel: Negative Reinforcement
Mo Mandel,Garfunkel and Oates
Mo Mandel,2 Broke Girls
Mo Mandel,Free Agents
Mo Mandel,Modern Family
Mo Mandel,Castle
Mo Mandel,Mo Mandel: Negative Reinforcement
Ariel Winter,Fred 2: Night of the Living Fred
Ariel Winter,Phineas and Ferb: The Movie: Across the 2nd Dimension
Ariel Winter,Jake and the Never Land Pirates
Ariel Winter,The Chaperone
Ariel Winter,Young Justice
Ariel Winter,DC Showcase Original Shorts Collection
Ariel Winter,R. L. Stine's The Haunting Hour
Ariel Winter,Killers
Ariel Winter,DC Showcase: Green Arrow
Ariel Winter,Phineas and Ferb: Summer Belongs to You!
Ariel Winter,Nic & Tristan Go Mega Dega
Ariel Winter,Opposite Day
Ariel Winter,Afro Samurai: Resurrection
Ariel Winter,Modern Family
Ariel Winter,Cloudy with a Chance of Meatballs
Ariel Winter,Duress
Ariel Winter,Life Is Hot in Cracktown
Ariel Winter,Tales from the Catholic Church of Elvis!
Ariel Winter,Speed Racer
Ariel Winter,Horton Hears a Who!
Fred Willard,King of the Hill
Fred Willard,Hey Arnold!
Fred Willard,"Sabrina, the Teenage Witch"
Fred Willard,Clueless
Fred Willard,Everybody Loves Raymond
Fred Willard,Back to Back
Fred Willard,Waiting for Guffman
Fred Willard,MADtv
Fred Willard,Prehysteria! 3
Fred Willard,The Wayans Bros.
Fred Willard,Friends
Fred Willard,Hart to Hart: Old Friends Never Die
Fred Willard,Space Ghost Coast to Coast
Fred Willard,"Sister, Sister"
Fred Willard,Sodbusters
Andrea Savage,You People
Andrea Savage,Tulsa King
Andrea Savage,Look Both Ways
Andrea Savage,Beavis and Butt-Head Do the Universe
Andrea Savage,Summer '03
Andrea Savage,Nailed It!
Sarah Hyland,Hot in Cleveland
Sarah Hyland,Modern Family
Sarah Hyland,Childrens Hospital
Sarah Hyland,Blind Date
Sarah Hyland,Lipstick Jungle
Sarah Hyland,CMT Music Awards
Sarah Hyland,Law & Order: Trial by Jury
Sarah Hyland,Spanglish
Sarah Hyland,Veronica Mars
Sarah Hyland,The Ellen DeGeneres Show
Sarah Hyland,E! Live from the Red Carpet
Sarah Hyland,Falcone
Sarah Hyland,The Audrey Hepburn Story
Sarah Hyland,Joe Gould's Secret
Sarah Hyland,Cradle Will Rock
Sarah Hyland,Annie
Sarah Hyland,Law & Order: Special Victims Unit
Sarah Hyland,Teen Choice Awards
Sarah Hyland,Advice From a Caterpillar
Sarah Hyland,Trinity
Sarah Hyland,The Object of My Affection
Ariel Winter,One Missed Call
Ariel Winter,Grilled
Ariel Winter,Over the Hedge
Ariel Winter,Ice Age: The Meltdown
Ariel Winter,Curious George
Ariel Winter,Bambi II
Ariel Winter,Freddie
Ariel Winter,Ghost Whisperer
Ariel Winter,Criminal Minds
Ariel Winter,Bones
Ariel Winter,Kiss Kiss Bang Bang
Ariel Winter,Listen Up!
Ariel Winter,Monk
Ariel Winter,Crossing Jordan
Ariel Winter,Law & Order: Special Victims Unit
Ariel Winter,ER
Ariel Winter,Don’t Log Off
Fred Willard,Diagnosis: Murder
Fred Willard,Dave's World
Fred Willard,Frasier
Fred Willard,Lois & Clark: The New Adventures of Superman
Fred Willard,The Return of Spinal Tap
Fred Willard,The Ben Stiller Show
Fred Willard,Mad About You
Fred Willard,The Tonight Show with Jay Leno
Fred Willard,High Strung
Fred Willard,Step by Step
Fred Willard,Dream On
Fred Willard,The Simpsons
Fred Willard,Family Matters
Fred Willard,"I, Martin Short, Goes Hollywood"
Fred Willard,Murphy Brown
Fred Willard,Roseanne
Fred Willard,My Secret Identity
Fred Willard,Superman's 50th Anniversary: A Celebration of the Man of Steel
Fred Willard,Portrait of a White Marriage
Fred Willard,Ray's Male Heterosexual Dance Hall
Fred Willard,Roxanne
Fred Willard,D.C. Follies
Fred Willard,Fast Times
Andrea Savage,I'm Sorry
Andrea Savage,The House
Andrea Savage,To Tell the Truth
Andrea Savage,Chelsea
Andrea Savage,The Hotwives of Las Vegas
Andrea Savage,Sleeping with Other People
Andrea Savage,Celebrity Family Feud
Andrea Savage,iZombie
Andrea Savage,Down Dog
Andrea Savage,You're Not You
Andrea Savage,The Hotwives of Orlando
Andrea Savage,Off Camera with Sam Jones
Andrea Savage,"Larry Wilmore Talks About Race, Religion and Sex in Utah"
Andrea Savage,"Republicans, Get in My Vagina!"
Andrea Savage,Veep
Andrea Savage,L!fe Happens
Andrea Savage,Bob's Burgers
Andrea Savage,Episodes
Andrea Savage,Dinner for Schmucks
Sarah Hyland,The Wonderful World of Disney
Sarah Hyland,Private Parts
Sarah Hyland,Touched by an Angel
Sarah Hyland,Law & Order
Sarah Hyland,MTV Video Music Awards
Sarah Hyland,One Life to Live
Sarah Hyland,Another World
Sarah Hyland,Play-Doh Squished
Sarah Hyland,The Wedding Year
Sarah Hyland,XOXO
Sarah Hyland,See You In Valhalla
Myrna Velasco,Batman and Superman: Battle of the Super Sons
Myrna Velasco,Trick or Treat Scooby-Doo!
Myrna Velasco,Teen Titans Go! & DC Super Hero Girls: Mayhem in the Multiverse
Myrna Velasco,Sorry I Killed You
Myrna Velasco,Madagascar: A Little Wild
Myrna Velasco,Jane
Myrna Velasco,DC Super Hero Girls
Myrna Velasco,DC Super Hero Girls: Sweet Justice
Myrna Velasco,Star Wars Resistance
Myrna Velasco,Descendants: Wicked World
Myrna Velasco,We Bare Bears
Mieko Hillman,Fantasy Island
Mieko Hillman,Tyler Perry's Young Dylan
Mieko Hillman,Munchausen By Internet
Mieko Hillman,The Nightmare Gallery
Mieko Hillman,Teen Wolf
Mieko Hillman,FlashForward
Mieko Hillman,Modern Family
Mieko Hillman,Paradise Hills
Mieko Hillman,How I Met Your Mother
Mieko Hillman,NCIS
Blake Gibbons,Interrogation
Blake Gibbons,Night Trap
Blake Gibbons,Good Girls
Blake Gibbons,Modern Family
Blake Gibbons,Castle
Blake Gibbons,The Mentalist
Blake Gibbons,Prairie Fever
Blake Gibbons,Love's Abiding Joy
Blake Gibbons,Dexter
Fred Willard,The History of White People in America: Volume II
Fred Willard,George Burns Comedy Week
Fred Willard,The Golden Girls
Fred Willard,Moving Violations
Fred Willard,Lots of Luck
Fred Willard,The History of White People in America
Fred Willard,"Murder, She Wrote"
Fred Willard,This Is Spinal Tap
Fred Willard,Mama's Family
Fred Willard,Imps*
Fred Willard,Madame's Place
Fred Willard,Faerie Tale Theatre
Fred Willard,National Lampoon's Movie Madness
Fred Willard,The Perfect Woman
Fred Willard,First Family
Fred Willard,How to Beat the High Cost of Living
Fred Willard,Salem's Lot
Fred Willard,Americathon
Fred Willard,Real People
Fred Willard,Flatbed Annie & Sweetie Pie: Lady Truckers
Fred Willard,Space Force
Fred Willard,America 2-Night
Fred Willard,We've Got Each Other
Fred Willard,The Love Boat
Fred Willard,Fernwood 2 Night
Andrea Savage,The League
Andrea Savage,Modern Family
Andrea Savage,"Glenn Martin, DDS"
Andrea Savage,"I Love You, Beth Cooper"
Andrea Savage,Party Down
Andrea Savage,Step Brothers
Andrea Savage,Lewis Black's Root of All Evil
Andrea Savage,The Grand
Andrea Savage,The Winner
Andrea Savage,Dog Bites Man
Andrea Savage,American Dad!
Andrea Savage,Significant Others
Andrea Savage,Cold Case
Andrea Savage,Two and a Half Men
Andrea Savage,"Good Morning, Miami"
Myrna Velasco,Modern Family
Myrna Velasco,American Dad!
Myrna Velasco,Family Guy
Myrna Velasco,Mang Kepweng
Myrna Velasco,At Lumaganap Ang Lagim
Blake Gibbons,The Legend of Butch & Sundance
Blake Gibbons,A.I. Assault
Blake Gibbons,Criminal Minds
Blake Gibbons,Supernatural
Blake Gibbons,Elvis
Blake Gibbons,Wake
Blake Gibbons,Without Rhyme or Reason
Blake Gibbons,Hollywood Homicide
Blake Gibbons,CSI: Miami
Blake Gibbons,CSI: Crime Scene Investigation
Blake Gibbons,Kiss Toledo Goodbye
Blake Gibbons,Charmed
Blake Gibbons,Very Bad Things
Blake Gibbons,Baywatch Nights
Blake Gibbons,Seinfeld
Blake Gibbons,Moonstalker
Blake Gibbons,Lethal Pursuit
Blake Gibbons,The Golden Girls
Fred Willard,Cracking Up
Fred Willard,Tabitha
Fred Willard,Fun with Dick and Jane
Fred Willard,Silver Streak
Fred Willard,Sirota's Court
Fred Willard,Chesty Anderson U.S. Navy
Fred Willard,Good Heavens
Fred Willard,Laverne & Shirley
Fred Willard,Hustle
Fred Willard,Saturday Night Live
Fred Willard,Harrad Summer
Fred Willard,The Burns and Schreiber Comedy Hour
Fred Willard,The Bob Newhart Show
Fred Willard,Dynamite Chicken
Fred Willard,Jenny
Fred Willard,Model Shop
Fred Willard,Teenage Mother
Fred Willard,Pistols 'n' Petticoats
Fred Willard,Space Force
Andrea Savage,Curb Your Enthusiasm
Andrea Savage,Stark Raving Mad
Andrea Savage,The West Wing
Andrea Savage,The King of Queens
Andrea Savage,"Sabrina, the Teenage Witch"
Andrea Savage,Sweet Valley High
Andrea Savage,I'm Sorry
Andrea Savage,"Republicans, Get in My Vagina!"
Andrea Savage,"Republicans, Get in My Vagina!"
Katherine Disque,Dangerous Company
Katherine Disque,Wilfred
Katherine Disque,Opposite Day
Katherine Disque,Modern Family
Katherine Disque,Falling
Katherine Disque,Grace
Katherine Disque,Single White Female 2: The Psycho
Katherine Disque,NCIS
Katherine Disque,The O.C.
Katherine Disque,Paris
Katherine Disque,Scrubs
Katherine Disque,Crossing Jordan
Katherine Disque,Bounce
Katherine Disque,The King of Queens
Katherine Disque,The Naked Man
Katherine Disque,Frasier
Jay Harik,Bosch: Legacy
Jay Harik,Outlaws Don't Get Funerals
Jay Harik,Last Stop
Jay Harik,Colony
Jay Harik,Go On
Jay Harik,New Girl
Jay Harik,Modern Family
Jay Harik,American Dreamz
Jay Harik,It's Always Sunny in Philadelphia
Jay Harik,Two and a Half Men
Jay Harik,Live from Baghdad
Jay Harik,The Real Deal
Jay Harik,Two Degrees
Jay Harik,Unforeseen Courage
Jay Harik,Malcolm in the Middle
Jay Harik,The Auteur Theory
Jay Harik,"Sabrina, the Teenage Witch"
Jay Harik,Frasier
Josh Latzer,The Way Back
Josh Latzer,All Rise
Josh Latzer,Vice
Josh Latzer,The Rookie
Josh Latzer,9-1-1
Josh Latzer,Young Sheldon
Josh Latzer,Great News
Josh Latzer,Lethal Weapon
Josh Latzer,Superstore
Josh Latzer,Hello Ladies
Josh Latzer,Mom
Josh Latzer,Switched at Birth
Josh Latzer,Workaholics
Josh Latzer,The League
Josh Latzer,Modern Family
Josh Latzer,Community
Josh Latzer,Castle
Josh Latzer,iCarly
Josh Latzer,Bones
Josh Latzer,The Kiss
Clint Tauscher,Out of Time
Clint Tauscher,Modern Family
Sharon Omi,Ambulance
Sharon Omi,The Resident
Sharon Omi,Young Sheldon
Sharon Omi,Atypical
Sharon Omi,This Is Us
Sharon Omi,The Real O'Neals
Sharon Omi,Crazy Ex-Girlfriend
Sharon Omi,Eat With Me
Sharon Omi,How to Get Away with Murder
Sharon Omi,Faking It
Sharon Omi,Ask Me Anything
Sharon Omi,The Trials of Cate McCall
Sharon Omi,Removal
Sharon Omi,My Super Psycho Sweet 16
Sharon Omi,Modern Family
Sharon Omi,The Big Bang Theory
Sharon Omi,Only The Brave
Sharon Omi,Bones
Sharon Omi,Constantine
Sharon Omi,50 First Dates
Sharon Omi,Malcolm in the Middle
Sharon Omi,Get Real
Sharon Omi,Alien Nation: The Udara Legacy
Sharon Omi,ER
Sharon Omi,Terminal USA
Sharon Omi,Dream On
Charles Carpenter,Birds of Prey (and the Fantabulous Emancipation of One Harley Quinn)
Charles Carpenter,9-1-1
Charles Carpenter,The Odd Couple
Charles Carpenter,Scorpion
Charles Carpenter,Brooklyn Nine-Nine
Charles Carpenter,Go On
Charles Carpenter,Baby Daddy
Charles Carpenter,Pretty Little Liars
Charles Carpenter,Modern Family
Charles Carpenter,Castle
Charles Carpenter,Torchwood
Charles Carpenter,Dexter
Charles Carpenter,Bones
Charles Carpenter,JAG
Charles Carpenter,Saved by the Bell: The College Years
Karen Y. McClain,The Woman in the House Across the Street from the Girl in the Window
Karen Y. McClain,Will & Grace
Karen Y. McClain,Great News
Karen Y. McClain,Togetherness
Karen Y. McClain,I Didn't Do It
Karen Y. McClain,Brooklyn Nine-Nine
Karen Y. McClain,Baby Daddy
Karen Y. McClain,Modern Family
Karen Y. McClain,Cougar Town
Karen Y. McClain,Senior Skip Day
Karen Y. McClain,Blonde Ambition
Karen Y. McClain,It's Always Sunny in Philadelphia
Karen Y. McClain,Grey's Anatomy
Karen Y. McClain,Two and a Half Men
James McAuley,Air Collision
James McAuley,Modern Family
James McAuley,Pirates of the Caribbean: The Curse of the Black Pearl
James McAuley,Crossing Jordan
Samantha Ressler,American Dream
Samantha Ressler,Winter Love Story
Samantha Ressler,Home Again
Samantha Ressler,So It Goes
Samantha Ressler,Strange Love
Samantha Ressler,Hello Ladies
Samantha Ressler,This Is the End
Samantha Ressler,Nobody Walks
Samantha Ressler,Modern Family
Samantha Ressler,Yearly Departed
Samantha Ressler,Strange Love
Malachi Smith,Modern Family
Scott Beehner,Penny Dreadful: City of Angels
Scott Beehner,Bombshell
Scott Beehner,The Rookie
Scott Beehner,Kenny
Scott Beehner,American Pets
Scott Beehner,Will & Grace
Scott Beehner,Unforgettable
Scott Beehner,Santa Clarita Diet
Scott Beehner,Life Is Boring
Scott Beehner,Extant
Scott Beehner,The Gunfighter
Scott Beehner,Gangster Squad
Scott Beehner,Let Go
Scott Beehner,Modern Family
Scott Beehner,"Lovely, Still"
Scott Beehner,The Poughkeepsie Tapes
Scott Beehner,It's Always Sunny in Philadelphia
Scott Beehner,NCIS
Scott Beehner,Tomcats
Scott Beehner,Curb Your Enthusiasm
Scott Beehner,Charmed
Scott Beehner,The Last Days of Disco
Scott Beehner,Man About Town
